account_number,account_name,timestamp,feedback_text
ACC-85720,Innovate Corp,2025-07-15T14:22:18Z,"Despite market volatility, our quarterly earnings per share exceeded analyst expectations by 15%."
ACC-39184,FutureTech Inc.,2025-07-02T09:15:45Z,"The board has approved a new stock buyback program, signaling confidence in future growth."
ACC-12947,Quantum Solutions,2025-06-28T18:05:11Z,"Our new product line has captured significant market share, driving strong revenue growth this quarter."
ACC-50281,Pioneer Industries,2025-06-19T11:40:02Z,"The company has announced a major restructuring plan, which will result in the layoff of 500 employees."
ACC-73910,Global Dynamics,2025-06-05T21:00:59Z,"A profit warning was issued today following unexpected disruptions in the global supply chain."
ACC-28405,Apex Holdings,2025-05-29T13:21:33Z,"The FDA has denied approval for our flagship drug, causing our stock price to plummet by over 30%."
ACC-61093,Synergy Group,2025-05-14T10:00:00Z,"The annual shareholder meeting is scheduled for October 25th at the company headquarters."
ACC-48271,NextGen Partners,2025-05-01T16:30:00Z,"The company will release its next quarterly earnings report on Monday after market close."
ACC-90153,Visionary Ventures,2025-04-22T12:12:12Z,"Trading volume for the stock was within its average range for the third consecutive day."
ACC-17492,Keystone Capital,2025-04-10T08:55:27Z,"Failure to secure the new round of funding has put the company's future projects in jeopardy."
ACC-88274,Starlight Enterprises,2025-03-30T19:45:00Z,"Our successful expansion into the Asian market is projected to double our international revenue stream."
ACC-31415,Momentum Corp,2025-03-18T14:00:30Z,"The company is under investigation by the SEC for alleged accounting irregularities."
ACC-59265,Horizon Systems,2025-03-02T11:11:11Z,"The merger with our competitor has been officially finalized and approved by regulators."
ACC-35897,Evergreen Trust,2025-02-25T17:20:40Z,"Market sentiment remains neutral as investors await the Federal Reserve's decision on interest rates."
ACC-93201,Alpha Investments,2025-02-11T09:00:00Z,"The new CEO's strategy has been met with widespread approval from investors and analysts alike."
ACC-58139,Omega Traders,2025-01-28T15:10:05Z,"We are facing significant headwinds from rising inflation, impacting our profit margins."
ACC-21984,Bluechip Financial,2025-01-15T10:30:15Z,"Our debt-to-equity ratio has improved significantly over the last fiscal year."
ACC-67340,Summit Partners,2024-12-31T23:59:59Z,"The company closed the year with record-breaking sales figures across all divisions."
ACC-11235,Vertex Group,2024-12-18T12:00:00Z,"An unexpected factory shutdown has caused a major bottleneck in our production line."
ACC-84092,Silverline Bank,2024-12-04T14:50:20Z,"Customer satisfaction scores have reached an all-time high according to the latest survey."
ACC-40219,Ironclad Security,2024-11-20T11:00:00Z,"We successfully thwarted a major cybersecurity attack, preventing any data loss."
ACC-75391,Redwood Trust,2024-11-05T18:00:00Z,"The latest stress test results show the bank is well-capitalized to handle a severe recession."
ACC-29981,Greenleaf Energy,2024-10-22T09:30:00Z,"Our investment in renewable energy is paying off, with the solar division becoming profitable ahead of schedule."
ACC-64820,Oceanic Shipping,2024-10-08T16:45:00Z,"Port congestion and rising fuel costs are severely impacting our shipping timelines and expenses."
ACC-10384,AeroSpace Dynamics,2024-09-24T13:00:00Z,"We have secured a lucrative multi-billion dollar contract with the Department of Defense."
ACC-55917,BioGen Innovations,2024-09-10T10:10:10Z,"Phase 3 clinical trials for our new Alzheimer's drug have shown promising results."
ACC-99824,Crystal Clear Water,2024-08-27T14:20:30Z,"The quarterly dividend has been increased by 10%, reflecting strong cash flow."
ACC-38471,Terra Firma Realty,2024-08-13T11:55:00Z,"The housing market slowdown is negatively affecting our sales volume and property values."
ACC-72019,Digital Fortress,2024-07-30T17:00:00Z,"Our cloud services division reported a 40% year-over-year growth, beating all competitors."
ACC-26480,Golden Gate Bridge Co.,2024-07-16T12:30:00Z,"Infrastructure maintenance costs were higher than anticipated for the second quarter."
ACC-61839,Stellar Satellite,2024-07-02T09:00:00Z,"A successful satellite launch has expanded our network coverage globally."
ACC-16920,Precision Robotics,2024-06-18T15:00:00Z,"A software glitch in our new automation line has led to significant production delays."
ACC-52849,HealthFirst HMO,2024-06-04T10:45:00Z,"Regulatory changes are expected to increase our compliance costs substantially next year."
ACC-97138,Liberty Legal,2024-05-21T14:00:00Z,"We have won a major patent infringement lawsuit, resulting in a substantial settlement."
ACC-41482,Union Transport,2024-05-07T11:20:00Z,"The logistics department is operating at peak efficiency, with delivery times reduced by 15%."
ACC-86291,Atlas Automotive,2024-04-23T16:10:00Z,"A recall of over 50,000 vehicles has been issued due to a manufacturing defect."
ACC-30158,Zenith Electronics,2024-04-09T13:05:00Z,"Our new line of smart TVs has received rave reviews from tech critics."
ACC-74920,Pinnacle Properties,2024-03-26T10:00:00Z,"Commercial real estate occupancy rates are stable, providing consistent rental income."
ACC-20837,Catalyst Chemicals,2024-03-12T17:30:00Z,"An industrial accident at our main plant has halted production and will require costly repairs."
ACC-65193,NorthStar Retail,2024-02-27T12:00:00Z,"Holiday season sales were disappointing, falling short of our internal targets."
ACC-19840,Equinox Bank,2024-02-13T09:45:00Z,"The bank's mobile app has been updated with new features and improved security."
ACC-54019,Dynamic Software,2024-01-30T14:25:00Z,"Our flagship software product has a major security vulnerability that needs immediate patching."
ACC-98372,Centurion Mining,2024-01-16T11:15:00Z,"Discovery of a new high-grade mineral deposit will significantly boost our reserves."
ACC-43189,Titan Manufacturing,2024-01-02T16:00:00Z,"Our efficiency initiatives have successfully reduced production costs by 8%."
ACC-87910,Orion Media,2023-12-19T13:30:00Z,"Subscription numbers for our streaming service have declined for the first time."
ACC-32746,Phoenix Pharma,2023-12-05T10:50:00Z,"We are pleased to announce a strategic partnership with a leading research university."
ACC-77501,Genesis Genetics,2023-11-21T15:00:00Z,"Our groundbreaking gene-editing technology has been granted a key patent."
ACC-22368,Matrix Comms,2023-11-07T12:10:00Z,"The rollout of the 5G network is proceeding on schedule and under budget."
ACC-67193,Hyperion Hotels,2023-10-24T18:00:00Z,"Travel bookings are down sharply due to recent economic uncertainty."
ACC-11984,Solstice Solar,2023-10-10T09:20:00Z,"Government subsidies for green energy have been extended, benefiting our business."
ACC-56710,Vulcan Steel,2023-09-26T14:40:00Z,"Rising raw material prices are squeezing our margins."
ACC-91538,Neptune Networks,2023-09-12T11:00:00Z,"Network uptime was 99.999% last quarter, exceeding our service level agreements."
ACC-46391,Jupiter Logistics,2023-08-29T16:30:00Z,"Our new automated warehouse system has increased order fulfillment speed by 50%."
ACC-81174,Saturn Systems,2023-08-15T13:00:00Z,"A key supplier has declared bankruptcy, which may disrupt our component supply."
ACC-25983,Mercury Motors,2023-08-01T10:00:00Z,"Our electric vehicle sales have surpassed those of our main competitor."
ACC-70819,Apollo Agriculture,2023-07-18T15:20:00Z,"Favorable weather conditions have led to a record harvest this year."
ACC-15647,Artemis Apparel,2023-07-04T12:00:00Z,"Our summer collection is selling out faster than any previous line."
ACC-60475,Hera Health,2023-06-20T17:00:00Z,"A lawsuit has been filed against the company alleging false advertising."
ACC-95201,Zeus Energy,2023-06-06T09:30:00Z,"We have successfully completed the construction of a new power plant."
ACC-40038,Poseidon Pipelines,2023-05-23T14:00:00Z,"An oil spill from one of our pipelines is currently being contained."
ACC-84861,Hades Holdings,2023-05-09T11:45:00Z,"The company is divesting from its non-performing assets to focus on core operations."
ACC-29689,Ares Armaments,2023-04-25T16:15:00Z,"A new international treaty has banned the sale of one of our key products."
ACC-74517,Athena Advisors,2023-04-11T13:00:00Z,"Our financial advisory division has been ranked #1 in the nation."
ACC-19345,Hermes Couriers,2023-03-28T10:25:00Z,"We are experiencing system-wide delivery delays due to a logistics software failure."
ACC-64173,Dionysus Vineyards,2023-03-14T18:00:00Z,"Our flagship wine has won a prestigious international award."
ACC-98901,Hephaestus Heavy Ind.,2023-02-28T12:00:00Z,"The new machinery has improved production efficiency and worker safety."
ACC-43730,Demeter Farms,2023-02-14T09:00:00Z,"A widespread crop disease is expected to reduce our yield by 20% this season."
ACC-88558,Persephone Produce,2023-01-31T15:30:00Z,"We have signed a major distribution deal with a national supermarket chain."
ACC-33386,Chronos Clocks,2023-01-17T11:10:00Z,"Product returns have increased due to a quality control issue."
ACC-78114,Rhea Real Estate,2023-01-03T16:45:00Z,"Our latest development project was completed on time and on budget."
ACC-22942,Uranus Universal,2022-12-20T13:00:00Z,"The company's credit rating has been upgraded by Moody's."
ACC-67770,Gaia Geothermal,2022-12-06T10:00:00Z,"Our geothermal plant is now supplying clean energy to over 50,000 homes."
ACC-12598,Pontus Power,2022-11-22T14:20:00Z,"An unexpected regulatory fine has impacted our quarterly profits."
ACC-57326,Tartarus Tech,2022-11-08T11:30:00Z,"Our R&D department has filed five new patents for innovative technologies."
ACC-92154,Erebus Electronics,2022-10-25T17:00:00Z,"Consumer demand for our older products is waning faster than expected."
ACC-36982,Nyx Nightwear,2022-10-11T12:00:00Z,"Our brand has gone viral on social media, leading to a massive surge in online sales."
ACC-81710,Aether Aerial,2022-09-27T09:15:00Z,"We have successfully tested our new drone delivery system."
ACC-26538,Hemera Hospitality,2022-09-13T15:00:00Z,"Hotel occupancy rates have recovered to pre-pandemic levels."
ACC-71366,Eros Entertainment,2022-08-30T18:30:00Z,"Our latest movie release has been a box office disaster."
ACC-16194,Ananke Analytics,2022-08-16T14:00:00Z,"Our data models accurately predicted the recent market correction."
ACC-60922,Nemesis Networks,2022-08-02T11:00:00Z,"We are facing an antitrust lawsuit from a group of competitors."
ACC-95750,Tyche Toys,2022-07-19T16:00:00Z,"A popular toy has been recalled due to safety concerns."
ACC-40578,Morpheus Mattresses,2022-07-05T13:20:00Z,"Customer testimonials praise the comfort and quality of our new mattress line."
ACC-85306,Hypnos Health,2022-06-21T10:40:00Z,"Our wellness app has reached 1 million active users."
ACC-30134,Thanatos Trust,2022-06-07T15:10:00Z,"The fund's performance has lagged behind its benchmark index for the third straight quarter."
ACC-74962,Iris Imaging,2022-05-24T12:00:00Z,"Our new medical imaging device has received full FDA clearance."
ACC-19790,Nike Sports,2022-05-10T17:00:00Z,"A major athlete endorsement has significantly boosted our brand visibility."
ACC-64518,Zelus Zealots,2022-04-26T14:30:00Z,"Employee morale is reportedly low following the recent pay freeze."
ACC-99346,Kratos Strength,2022-04-12T11:00:00Z,"Our new line of fitness equipment is setting new standards for durability."
ACC-44174,Bia Force,2022-03-29T16:00:00Z,"The company has been criticized for its aggressive sales tactics."
ACC-88902,Styx Shipping,2022-03-15T13:00:00Z,"We have streamlined our international shipping process, reducing costs and delays."
ACC-33730,Lethe Labs,2022-03-01T10:15:00Z,"A data breach has potentially exposed the personal information of thousands of customers."
ACC-78558,Mnemosyne Memory,2022-02-15T15:00:00Z,"Our new data storage solution offers unparalleled reliability and speed."
ACC-23386,Themis Legal Tech,2022-02-01T12:00:00Z,"Our software is helping law firms improve their case management efficiency."
ACC-68114,Metis Metrics,2022-01-18T17:20:00Z,"Our predictive analytics helped a major client avert a significant financial loss."
ACC-12942,Coeus Consulting,2022-01-04T14:00:00Z,"A key consultant has left the firm to join a competitor."
